,weight,01,02,03,04,05,06,07,08,09,10,11,12,13,14,15,16,17,18,19,21,22,23,24,25,26,27,28,29,2A,2B,30,31,32,33,34,35,36,37,38,39,40,41,42,43,44,45,46,47,48,49,50,51,52,53,54,55,56,57,58,59,60,61,62,63,64,65,66,67,68,69,70,71,72,73,74,75,76,77,78,79,80,81,82,83,84,85,86,87,88,89,90,91,92,93,94,95
01,8,0,0,0,0,0,1,1,0,0,1,1,1,1,1,1,0,0,1,1,0,0,1,0,1,0,1,0,0,0,1,1,1,1,1,1,0,1,0,1,0,0,0,0,1,0,0,0,0,1,0,1,0,0,1,1,1,1,1,0,1,1,0,0,1,1,1,1,0,0,1,0,0,1,1,1,0,0,1,1,0,0,1,1,0,0,0,1,0,1,1,1,0,0,1,1,0
02,6,0,0,1,1,0,0,0,1,1,1,0,1,1,1,1,1,0,0,1,0,1,1,0,1,0,0,0,1,1,0,0,1,1,0,1,0,0,0,0,0,1,1,0,0,1,1,1,0,1,1,0,1,1,0,1,1,0,0,0,1,1,1,0,1,0,1,1,1,0,1,0,1,0,1,1,1,1,1,1,0,0,0,1,0,0,1,0,1,0,0,0,0,1,0,0,1
03,6,0,1,0,1,1,1,1,1,0,0,1,1,1,1,0,1,1,0,0,1,0,1,1,0,0,0,0,1,0,1,0,1,1,1,1,0,1,0,1,0,0,1,0,1,0,1,1,1,0,1,1,1,1,0,0,1,1,0,0,0,0,1,1,1,0,0,0,1,0,0,0,1,1,1,0,1,0,0,0,0,0,0,0,1,0,1,1,1,0,0,1,1,0,0,1,1
04,9,0,1,1,0,0,0,0,1,1,1,1,1,1,1,0,1,0,1,1,0,0,1,0,0,1,0,1,1,0,0,0,0,1,1,1,0,1,0,0,0,1,0,0,0,1,1,1,1,1,1,1,1,0,0,1,1,0,1,1,1,1,0,0,0,0,1,0,0,1,0,1,1,0,1,0,0,1,0,0,1,0,0,0,1,0,1,1,1,1,1,0,0,0,0,0,1
05,3,0,0,1,0,0,1,0,0,0,1,0,0,0,1,0,0,1,0,0,1,0,0,1,1,1,1,1,0,1,0,0,1,1,1,1,1,1,0,1,1,0,0,1,0,1,0,0,0,0,1,1,1,0,0,1,1,1,1,0,0,1,1,0,1,0,1,1,0,1,0,0,0,1,1,0,0,1,1,1,0,0,1,1,1,1,1,1,1,0,0,0,0,0,1,1,0
06,1,1,0,1,0,1,0,1,0,1,0,1,1,0,0,0,0,0,0,0,1,1,0,0,0,0,1,1,1,1,1,0,1,0,0,0,0,1,0,1,0,1,1,0,1,0,0,0,1,1,0,1,1,1,0,0,1,1,1,0,1,1,0,1,0,1,0,0,1,1,0,0,0,1,1,1,0,1,0,0,0,1,0,0,0,0,1,0,0,0,0,0,1,1,0,1,1
07,7,1,0,1,0,0,1,0,0,1,0,1,1,0,0,1,0,1,1,1,0,0,0,1,1,1,1,1,1,1,1,1,0,0,1,1,0,1,0,0,0,0,0,1,1,0,0,0,0,0,0,1,1,1,1,1,1,1,1,0,1,0,0,1,1,1,0,0,0,1,0,1,0,0,1,1,0,0,0,1,0,0,1,1,0,0,0,0,1,0,1,0,0,1,0,1,1
08,6,0,1,1,1,0,0,0,0,1,1,0,1,0,1,1,0,1,1,1,0,1,1,0,0,0,0,0,0,0,1,1,1,1,0,1,1,0,0,1,0,1,0,1,1,1,0,1,0,0,1,1,0,0,1,1,0,1,0,1,1,0,0,0,1,0,0,1,1,1,0,1,1,1,1,1,0,1,1,1,1,0,1,0,1,1,1,0,1,1,0,1,0,0,0,1,1
09,8,0,1,0,1,0,1,1,1,0,1,1,1,1,1,0,1,1,0,1,0,1,1,0,1,0,1,1,0,0,0,0,0,1,1,0,1,1,0,1,1,0,1,0,0,0,0,0,1,1,0,1,1,0,1,1,1,0,1,0,0,0,1,1,1,1,1,0,1,0,0,0,1,1,0,0,0,0,1,1,1,0,1,0,1,1,0,1,0,1,1,1,1,1,1,0,1
10,9,1,1,0,1,1,0,0,1,1,0,1,1,1,0,1,0,0,0,1,1,1,1,1,1,0,1,0,1,1,1,0,1,1,1,0,1,1,0,1,1,0,1,1,0,1,1,1,1,0,1,1,0,1,0,1,1,1,0,1,0,0,1,1,0,0,0,1,1,1,0,0,1,0,0,1,1,0,1,0,1,1,1,1,1,1,1,1,0,1,0,1,0,1,1,0,0
11,6,1,0,1,1,0,1,1,0,1,1,0,1,1,1,1,0,0,1,0,0,0,1,1,0,1,0,1,0,0,1,0,1,1,0,0,1,0,0,0,1,1,1,1,0,0,1,1,1,0,1,1,0,0,0,0,0,0,1,0,0,1,0,1,1,0,1,0,1,0,1,1,1,0,1,0,0,0,0,1,1,0,0,0,1,0,1,0,1,1,0,0,1,1,1,1,0
12,6,1,1,1,1,0,1,1,1,1,1,1,0,0,0,1,1,0,1,1,0,0,1,0,0,0,0,0,1,0,1,0,0,0,0,0,1,1,1,1,0,0,0,1,1,0,0,1,0,1,1,1,0,0,0,1,1,0,0,1,0,1,0,0,0,0,0,0,1,0,0,1,1,0,0,0,1,1,0,0,0,1,0,1,0,0,1,0,0,0,0,0,1,1,1,1,0
13,6,1,1,1,1,0,0,0,0,1,1,1,0,0,1,0,0,0,1,0,1,0,0,1,0,1,0,1,1,1,1,0,1,1,0,0,1,1,0,1,0,0,0,1,1,1,1,1,0,0,1,1,1,1,0,0,0,1,0,1,1,1,0,0,1,1,1,0,1,1,1,0,1,0,1,0,0,1,0,0,0,1,0,0,1,1,0,0,1,0,1,1,0,0,0,0,1
14,1,1,1,1,1,1,0,0,1,1,0,1,0,1,0,0,0,0,0,0,1,0,1,0,1,1,1,0,1,1,0,0,1,0,1,0,1,0,0,1,0,0,0,1,0,1,0,0,1,1,0,1,0,0,1,1,1,0,1,1,0,1,0,1,0,0,0,0,0,0,0,1,1,1,0,1,1,0,0,1,0,1,1,1,1,0,1,0,0,1,0,0,0,0,0,0,1
15,2,1,1,0,0,0,0,1,1,0,1,1,1,0,0,0,0,1,0,1,1,0,1,1,1,0,0,0,1,0,0,1,0,0,1,0,1,0,0,1,1,0,0,1,1,0,1,1,1,1,0,1,1,1,0,1,1,0,0,0,0,0,0,1,1,0,1,1,0,1,0,0,1,0,1,0,0,0,1,0,0,1,0,0,1,0,1,1,1,0,0,0,0,1,1,0,0
16,7,0,1,1,1,0,0,0,0,1,0,0,1,0,0,0,0,0,1,1,0,1,0,0,0,1,1,1,1,0,1,0,1,1,0,1,0,0,0,0,1,0,0,0,1,1,0,0,1,1,0,0,0,1,1,0,1,1,1,0,1,0,0,0,1,0,1,1,1,0,0,1,0,0,1,0,0,1,0,0,0,0,0,1,1,0,0,1,0,1,1,0,0,1,1,0,1
17,1,0,0,1,0,1,0,1,1,1,0,0,0,0,0,1,0,0,1,1,0,0,1,1,0,1,1,0,0,0,1,0,1,1,1,1,1,0,1,1,0,0,1,1,1,0,1,1,1,0,0,1,1,1,1,1,0,1,0,1,0,0,1,0,1,1,0,0,1,1,0,1,0,1,0,1,1,0,0,1,0,0,0,1,1,1,1,1,1,0,0,0,0,1,0,0,1
18,4,1,0,0,1,0,0,1,1,0,0,1,1,1,0,0,1,1,0,1,1,0,1,1,1,0,0,1,1,1,0,1,1,0,1,1,1,1,0,1,0,1,0,1,1,0,1,1,0,0,0,1,1,0,0,1,1,0,0,1,0,0,1,1,1,1,0,1,1,0,0,0,1,1,1,1,0,0,1,1,1,1,1,0,1,0,1,0,1,0,0,0,0,0,0,1,0
19,3,1,1,0,1,0,0,1,1,1,1,0,1,0,0,1,1,1,1,0,1,1,1,0,1,1,1,0,1,1,0,0,0,1,1,1,0,0,0,1,1,1,0,0,0,1,0,0,1,1,1,1,1,1,1,1,0,1,0,1,1,1,0,1,0,0,1,1,1,0,1,0,0,1,1,0,0,1,0,1,1,1,1,0,0,0,0,1,0,1,0,0,1,1,0,1,1
21,9,0,0,1,0,1,1,0,0,0,1,0,0,1,1,1,0,0,1,1,0,1,1,0,0,1,1,1,0,0,1,0,1,0,0,0,1,0,0,0,1,1,1,0,1,0,0,1,0,1,0,1,1,1,1,1,0,0,1,0,0,0,1,0,1,1,0,0,1,0,1,0,1,1,0,1,1,1,1,0,0,1,0,1,0,0,0,0,0,1,0,0,0,1,1,1,0
22,1,0,1,0,0,0,1,0,1,1,1,0,0,0,0,0,1,0,0,1,1,0,0,1,0,0,0,1,1,1,1,1,1,1,0,0,0,0,0,1,0,0,0,1,1,0,0,0,1,0,1,0,1,1,1,0,1,1,0,0,0,1,0,1,0,0,1,1,0,1,1,1,1,0,1,0,0,1,1,0,1,0,1,0,0,1,0,1,0,0,1,0,0,0,1,1,1
23,5,1,1,1,1,0,0,0,1,1,1,1,1,0,1,1,0,1,1,1,1,0,0,0,0,0,1,1,1,0,1,1,0,0,1,1,1,1,1,0,0,0,0,1,1,1,1,1,1,0,1,1,1,1,0,1,0,0,0,0,0,1,1,0,0,0,1,1,1,1,1,0,0,1,0,1,1,1,1,1,0,1,1,0,0,0,0,0,1,0,0,1,1,1,0,1,1
24,3,0,0,1,0,1,0,1,0,0,1,1,0,1,0,1,0,1,1,0,0,1,0,0,1,0,1,0,1,0,1,0,0,0,0,0,1,1,0,1,0,1,1,0,1,1,1,0,1,1,1,0,0,1,0,1,0,0,1,1,0,0,1,1,0,1,0,1,0,0,1,1,1,0,1,1,0,1,1,1,0,1,0,0,0,0,1,1,1,0,0,0,0,0,0,1,0
25,6,1,1,0,0,1,0,1,0,1,1,0,0,0,1,1,0,0,1,1,0,0,0,1,0,0,1,1,1,1,0,1,1,0,1,0,0,0,0,0,0,1,0,1,1,0,0,0,1,0,1,1,1,0,1,0,0,0,1,0,1,1,0,1,0,1,1,1,0,1,1,0,0,1,1,1,0,0,1,0,0,1,0,1,0,1,1,1,0,0,0,1,1,0,1,0,0
26,8,0,0,0,1,1,0,1,0,0,0,1,0,1,1,0,1,1,0,1,1,0,0,0,0,0,0,1,0,0,0,0,0,0,1,1,1,1,1,0,1,0,0,1,1,1,1,1,1,0,0,1,0,0,0,0,1,0,1,0,0,1,1,1,1,1,1,0,1,0,0,0,0,1,1,1,0,0,1,1,1,1,1,1,0,1,0,1,1,1,0,0,0,1,0,1,1
27,5,1,0,0,0,1,1,1,0,1,1,0,0,0,1,0,1,1,0,1,1,0,1,1,1,0,0,1,1,1,1,1,0,1,1,0,0,0,1,0,0,0,1,0,0,0,1,1,0,0,1,1,1,0,1,1,0,1,1,1,1,1,0,0,1,0,0,0,1,0,1,1,1,0,1,1,1,1,1,0,1,0,1,0,0,0,0,0,0,1,1,1,1,1,1,0,0
28,4,0,0,0,1,1,1,1,0,1,0,1,0,1,0,0,1,0,1,0,1,1,1,0,1,1,1,0,0,0,1,0,0,0,0,1,1,0,1,1,1,0,1,1,0,0,1,1,1,0,0,1,1,0,1,0,1,0,1,0,0,1,1,0,1,0,0,0,0,1,1,0,1,1,1,1,1,0,0,0,1,1,1,0,1,1,1,0,0,1,0,1,0,1,0,0,0
29,4,0,1,1,1,0,1,1,0,0,1,0,1,1,1,1,1,0,1,1,0,1,1,1,1,0,1,0,0,1,1,1,0,0,0,1,1,0,0,1,1,1,0,1,1,1,1,1,1,1,1,0,0,1,0,0,1,0,1,0,1,1,0,0,0,1,1,0,1,0,1,0,1,0,0,1,0,1,1,1,1,0,1,1,1,1,0,0,0,1,1,0,0,1,0,1,0
2A,6,0,1,0,0,1,1,1,0,0,1,0,0,1,1,0,0,0,1,1,0,1,0,0,1,0,1,0,1,0,1,1,0,1,0,0,0,1,0,1,1,0,1,0,0,0,1,0,1,0,1,1,1,1,0,0,0,1,0,1,1,1,0,1,1,0,1,1,1,0,0,1,0,1,0,0,1,1,0,1,1,1,0,0,1,0,1,0,1,1,0,0,0,1,1,1,1
2B,8,1,0,1,0,0,1,1,1,0,1,1,1,1,0,0,1,1,0,0,1,1,1,1,0,0,1,1,1,1,0,1,0,0,0,1,0,0,0,0,1,0,1,0,0,0,1,0,1,1,0,1,1,0,1,0,1,1,0,1,1,0,1,1,1,1,1,0,1,1,0,1,0,0,1,1,0,1,0,0,1,1,0,0,1,0,0,1,1,1,1,0,1,1,1,0,1
30,6,1,0,0,0,0,0,1,1,0,0,0,0,0,0,1,0,0,1,0,0,1,1,0,1,0,1,0,1,1,1,0,0,0,0,0,1,0,0,1,1,0,0,1,1,1,1,1,0,1,1,1,1,1,1,0,1,1,0,0,1,0,1,1,0,1,0,1,0,0,1,1,1,0,0,1,1,1,1,1,1,0,0,1,1,1,0,1,1,1,0,1,1,1,1,1,0
31,7,1,1,1,0,1,1,0,1,0,1,1,0,1,1,0,1,1,1,0,1,1,0,0,1,0,0,0,0,0,0,0,0,0,1,1,0,1,0,1,1,1,0,1,0,0,1,0,1,1,1,0,0,0,1,1,1,0,1,0,0,0,1,0,0,0,1,1,0,0,1,1,1,1,1,0,0,1,0,0,0,1,0,0,1,1,1,0,0,1,1,0,0,0,0,1,1
32,2,1,1,1,1,1,0,0,1,1,1,1,0,1,0,0,1,1,0,1,0,1,0,0,0,0,1,0,0,1,0,0,0,0,1,0,1,1,1,1,1,0,1,1,0,1,1,1,1,0,0,0,1,1,1,1,0,1,0,1,1,0,1,0,0,1,1,1,1,0,1,0,0,1,0,0,1,0,0,1,1,1,0,0,0,0,0,0,1,0,1,1,0,0,1,1,1
33,7,1,0,1,1,1,0,1,0,1,1,0,0,0,1,1,0,1,1,1,0,0,1,0,1,1,1,0,0,0,0,0,1,1,0,1,0,0,0,0,1,1,1,1,0,1,0,0,1,1,1,1,0,1,1,0,1,1,0,1,1,0,1,0,1,0,1,0,1,1,0,1,0,0,1,1,1,1,0,1,0,0,0,1,1,0,1,0,0,0,1,0,1,1,0,0,1
34,6,1,1,1,1,1,0,1,1,0,0,0,0,0,0,0,1,1,1,1,0,0,1,0,0,1,0,1,1,0,1,0,1,0,1,0,1,0,0,1,1,0,0,0,1,0,0,0,0,0,0,0,1,1,1,1,1,1,0,0,1,0,1,0,0,1,0,0,1,0,1,1,1,0,1,0,0,1,0,1,1,0,1,1,0,0,0,1,1,0,1,0,0,0,0,1,1
35,2,0,0,0,0,1,0,0,1,1,1,1,1,1,1,1,0,1,1,0,1,0,1,1,0,1,0,1,1,0,0,1,0,1,0,1,0,1,1,1,1,0,0,1,1,1,0,1,1,0,1,1,1,0,0,1,1,1,1,0,0,0,0,0,1,0,0,0,0,1,1,1,1,1,0,0,1,1,1,1,1,0,1,1,0,1,1,0,1,1,1,0,1,1,1,1,1
36,8,1,0,1,1,1,1,1,0,1,1,0,1,1,0,0,0,0,1,0,0,0,1,1,0,1,0,0,0,1,0,0,1,1,0,0,1,0,0,1,0,1,1,1,1,0,0,1,0,0,0,1,0,0,1,0,0,1,1,1,1,1,1,0,1,1,1,1,0,0,1,1,0,0,1,1,1,1,0,1,0,1,1,0,1,0,0,1,0,1,1,0,1,1,0,0,1
37,5,0,0,0,0,0,0,0,0,0,0,0,1,0,0,0,0,1,0,0,0,0,1,0,0,1,1,1,0,0,0,0,0,1,0,0,1,0,0,0,0,0,0,0,1,1,1,1,0,1,1,0,0,0,1,1,0,1,0,1,0,0,1,0,1,1,0,1,0,1,1,1,0,0,1,0,1,1,1,1,1,0,0,1,1,1,0,1,0,1,1,1,1,1,1,1,1
38,5,1,0,1,0,1,1,0,1,1,1,0,1,1,1,1,0,1,1,1,0,1,0,1,0,0,0,1,1,1,0,1,1,1,0,1,1,1,0,0,1,0,1,0,0,1,0,1,1,1,1,1,0,0,0,1,0,1,0,1,1,1,1,1,1,0,0,0,1,1,1,0,1,0,1,0,1,0,1,0,1,1,0,1,1,0,1,1,1,0,0,1,1,1,1,0,0
39,4,0,0,0,0,1,0,0,0,1,1,1,0,0,0,1,1,0,0,1,1,0,0,0,0,1,0,1,1,1,1,1,1,1,1,1,1,0,0,1,0,0,0,1,1,0,0,0,0,1,0,1,1,1,0,0,0,1,0,1,1,1,0,0,1,1,0,1,0,0,0,0,0,1,1,0,1,0,0,0,0,0,0,1,0,0,0,1,0,1,0,1,0,0,1,0,1
40,4,0,1,0,1,0,1,0,1,0,0,1,0,0,0,0,0,0,1,1,1,0,0,1,1,0,0,0,1,0,0,0,1,0,1,0,0,1,0,0,0,0,1,1,0,0,0,1,0,0,0,0,0,1,0,0,1,0,0,0,0,1,0,0,0,1,0,0,0,1,0,1,1,0,0,0,0,1,1,0,1,0,0,1,1,0,0,0,0,0,0,0,1,0,0,1,0
41,9,0,1,1,0,0,1,0,0,1,1,1,0,0,0,0,0,1,0,0,1,0,0,1,0,0,1,1,0,1,1,0,0,1,1,0,0,1,0,1,0,1,0,0,1,1,1,1,0,1,1,0,0,0,0,1,1,1,1,1,0,1,0,1,1,0,0,0,0,1,1,1,0,0,0,1,0,1,0,1,0,1,0,1,1,1,0,1,1,1,1,0,0,0,0,0,1
42,6,0,0,0,0,1,0,1,1,0,1,1,1,1,1,1,0,1,1,0,0,1,1,0,1,1,0,1,1,0,0,1,1,1,1,0,1,1,0,0,1,1,0,0,1,1,0,1,0,0,0,1,1,0,1,0,1,1,0,0,1,0,1,0,0,1,0,0,0,1,1,0,1,0,0,0,0,0,0,1,0,0,0,0,0,1,1,0,1,1,0,1,0,1,0,0,0
43,5,1,0,1,0,0,1,1,1,0,0,0,1,1,0,1,1,1,1,0,1,1,1,1,1,1,0,0,1,0,0,1,0,0,0,1,1,1,1,0,1,0,1,1,0,1,1,0,0,1,1,1,0,0,1,1,0,1,1,1,1,1,0,1,1,0,0,0,1,0,0,0,0,1,1,1,1,1,0,1,0,0,1,0,1,1,0,1,0,0,1,0,1,0,0,1,0
44,5,0,1,0,1,1,0,0,1,0,1,0,0,1,1,0,1,0,0,1,0,0,1,1,0,1,0,0,1,0,0,1,0,1,1,0,1,0,1,1,0,0,1,1,1,0,1,1,0,0,0,1,0,0,0,0,1,1,0,0,0,0,1,0,1,1,0,1,0,1,0,0,0,0,0,1,0,1,1,0,0,0,1,1,1,1,0,1,0,1,0,0,0,1,1,0,0
45,6,0,1,1,1,0,0,0,0,0,1,1,0,1,0,1,0,1,1,0,0,0,1,1,0,1,1,1,1,1,1,1,1,1,0,0,0,0,1,0,0,0,1,0,1,1,0,1,0,0,0,0,0,0,0,1,1,0,0,1,1,0,0,0,0,1,0,1,0,0,0,1,1,0,1,1,0,1,0,1,1,1,0,1,1,1,1,1,0,0,0,0,0,0,1,1,0
46,2,0,1,1,1,0,0,0,1,0,1,1,1,1,0,1,0,1,1,0,1,0,1,0,0,1,1,1,1,0,0,1,0,1,0,0,1,1,1,1,0,1,1,1,0,1,1,0,0,0,1,0,0,0,0,1,1,0,1,0,0,1,0,0,0,0,1,0,1,0,1,1,1,1,1,0,1,0,1,0,1,1,0,1,0,0,0,1,0,1,0,0,0,0,1,0,1
47,1,0,0,1,1,0,1,0,0,1,1,1,0,0,1,1,1,1,0,1,0,1,1,1,1,1,0,1,1,1,1,0,1,1,1,0,1,0,0,1,0,0,0,0,0,0,0,0,0,1,0,0,1,1,0,0,1,0,1,1,1,0,0,0,1,0,0,0,1,0,1,1,1,1,1,1,0,0,1,0,0,0,1,0,1,0,0,1,0,1,1,1,1,1,0,0,1
48,9,1,1,0,1,0,1,0,0,1,0,0,1,0,1,1,1,0,0,1,1,0,0,1,0,0,0,0,1,0,1,1,1,0,1,0,0,0,1,1,1,0,1,0,1,0,0,0,1,0,0,0,1,0,1,1,0,0,1,0,1,1,0,0,0,1,0,0,1,0,1,1,1,0,1,1,1,0,0,0,1,0,0,0,0,0,0,0,0,1,1,0,1,1,0,1,0
49,4,0,1,1,1,1,0,0,1,0,1,1,1,1,0,0,0,0,0,1,0,1,1,1,1,0,1,0,1,1,0,1,1,0,1,0,1,0,1,1,0,0,1,0,1,0,0,1,0,0,0,0,1,1,0,1,1,1,0,1,0,0,0,1,0,0,1,1,0,0,1,1,0,1,1,1,1,1,1,0,0,1,1,0,0,0,1,0,1,0,1,0,1,1,1,0,0
50,7,1,0,1,1,1,1,1,1,1,1,1,1,1,1,1,0,1,1,1,1,0,1,0,1,1,1,1,0,1,1,1,0,0,1,0,1,1,0,1,1,0,0,1,1,1,0,0,0,0,0,0,0,0,1,0,0,0,1,0,0,1,1,0,0,1,0,1,0,0,0,1,0,0,1,1,1,1,0,1,1,0,0,1,1,1,0,1,0,0,1,0,1,1,1,0,0
51,8,0,1,1,1,1,1,1,0,1,0,0,0,1,0,1,0,1,1,1,1,1,1,0,1,0,1,1,0,1,1,1,0,1,0,1,1,0,0,0,1,0,0,1,0,0,0,0,1,1,1,0,0,0,1,1,1,1,0,0,0,1,0,1,1,1,1,1,0,0,0,0,1,0,1,1,0,0,0,0,0,0,0,1,1,0,1,0,0,1,1,0,0,0,0,0,1
52,3,0,1,1,0,0,1,1,0,0,1,0,0,1,0,1,1,1,0,1,1,1,1,1,0,0,0,0,1,1,0,1,0,1,1,1,0,0,0,0,1,1,0,0,0,0,0,0,1,0,1,0,0,0,1,0,1,1,0,1,0,1,1,1,1,0,1,0,0,1,1,0,1,0,0,0,0,0,0,0,1,0,1,1,0,0,0,1,0,0,0,0,1,1,1,0,0
53,3,1,0,0,0,0,0,1,1,1,0,0,0,0,1,0,1,1,0,1,1,1,0,0,1,0,1,1,0,0,1,1,1,1,1,1,0,1,1,0,0,0,0,1,1,0,0,0,0,1,0,1,1,1,0,0,0,1,1,1,0,1,1,0,0,1,1,0,1,0,1,0,0,0,1,1,0,0,1,0,1,1,0,0,1,1,1,1,0,1,1,1,0,1,1,0,1
54,6,1,1,0,1,1,0,1,1,1,1,0,1,0,1,1,0,1,1,1,1,0,1,1,0,0,1,0,0,0,0,0,1,1,0,1,1,0,1,1,0,0,1,0,1,0,1,1,0,1,1,0,1,0,0,0,1,0,0,1,0,1,1,1,1,0,1,1,1,0,0,1,0,0,1,1,0,0,1,0,0,1,0,1,0,1,0,1,0,0,1,1,0,1,0,1,1
55,6,1,1,1,1,1,1,1,0,1,1,0,1,0,1,1,1,0,1,0,0,1,0,0,0,1,0,1,1,0,1,1,1,0,1,1,1,0,0,0,0,1,1,1,0,1,1,1,1,0,1,0,1,1,0,1,0,1,1,0,0,0,0,1,1,0,1,1,1,0,0,1,0,0,1,1,1,0,1,1,0,0,1,1,0,1,1,1,1,0,0,0,0,0,0,0,0
56,7,1,0,1,0,1,1,1,1,0,1,0,0,1,0,0,1,1,0,1,0,1,0,0,0,0,1,0,0,1,1,1,0,1,1,1,1,1,1,1,1,0,1,1,1,1,0,0,0,0,1,0,1,1,1,0,1,0,1,1,1,1,1,0,0,0,1,0,1,0,1,1,0,0,1,1,1,1,0,0,1,0,1,1,0,1,1,1,0,0,1,0,0,1,1,0,0
57,5,1,0,0,1,1,1,1,0,1,0,1,0,0,1,0,1,0,0,0,1,0,0,1,1,1,1,1,1,0,0,0,1,0,0,0,1,1,0,0,0,0,1,0,1,0,0,1,1,1,0,1,0,0,1,0,1,1,0,0,0,1,0,1,1,1,0,1,0,1,1,0,0,0,0,1,1,1,0,0,1,1,1,0,1,0,0,0,0,1,0,1,0,1,0,1,0
58,5,0,0,0,1,0,0,0,1,0,1,0,1,1,1,0,0,1,1,1,0,0,0,1,0,0,1,0,0,1,1,0,0,1,1,0,0,1,1,1,1,0,1,0,1,0,1,0,1,0,1,0,0,1,1,1,0,1,0,0,1,0,0,0,1,0,1,1,1,0,0,0,1,1,1,0,0,1,1,1,0,1,1,0,0,0,1,1,1,0,1,0,1,1,1,0,1
59,1,1,1,0,1,0,1,1,1,0,0,0,0,1,0,0,1,0,0,1,0,0,0,0,1,0,1,0,1,1,1,1,0,1,1,1,0,1,0,1,1,0,0,1,1,0,1,0,1,1,0,0,0,0,0,0,0,1,0,1,0,0,1,0,0,0,1,1,1,0,1,0,0,0,0,1,0,0,0,0,1,1,1,0,0,1,0,0,0,0,0,0,1,1,1,1,0
60,1,1,1,0,1,1,1,0,0,0,0,1,1,1,1,0,0,0,0,1,0,1,1,0,1,1,1,1,1,1,0,0,0,0,0,0,0,1,0,1,1,1,1,0,1,0,0,1,0,1,0,1,1,1,1,1,0,1,1,0,0,0,1,1,0,1,1,1,0,1,0,0,0,0,1,0,0,0,0,0,1,1,1,0,1,1,0,0,1,0,1,1,1,1,0,1,1
61,5,0,1,1,0,1,0,0,0,1,1,0,0,0,0,0,0,1,1,0,1,0,1,1,0,1,0,1,0,0,1,1,1,1,1,1,0,1,1,1,0,0,0,1,0,1,0,0,0,0,0,1,0,1,1,1,0,1,0,0,1,1,0,1,1,0,0,0,1,1,1,1,1,0,1,1,1,1,1,1,1,0,1,1,1,1,1,0,0,1,0,0,0,0,0,1,0
62,1,0,0,1,0,0,1,1,0,1,1,1,0,0,1,1,0,0,1,1,0,1,0,1,1,1,0,0,0,1,1,1,0,0,0,0,0,0,0,1,0,0,1,0,1,0,0,0,0,0,1,0,1,1,0,1,1,0,1,0,0,1,1,0,1,0,1,0,1,0,1,1,0,0,0,0,1,1,1,1,1,1,1,0,0,1,0,1,1,0,1,1,0,0,1,1,0
63,6,1,1,1,0,1,0,1,1,1,0,1,0,1,0,1,1,1,1,0,1,0,0,0,0,1,1,1,0,1,1,0,0,0,1,0,1,1,1,1,1,0,1,0,1,1,0,0,1,0,0,0,1,1,0,1,1,0,1,1,0,0,1,1,0,1,0,1,0,1,0,0,1,1,1,0,1,1,1,0,1,0,1,1,0,1,0,0,0,0,0,0,0,1,0,1,1
64,3,1,0,0,0,0,1,1,0,1,0,0,0,1,0,0,0,1,1,0,1,0,0,1,1,1,0,0,1,0,1,1,0,1,0,1,0,1,1,0,1,1,0,1,0,1,1,0,0,1,0,1,1,0,1,0,0,0,1,0,0,1,0,0,1,0,1,1,0,0,0,1,1,0,0,1,0,0,1,1,0,0,0,1,0,1,0,1,1,0,0,1,0,1,0,1,0
65,2,1,1,0,1,1,0,0,0,1,0,1,0,1,0,1,1,0,0,1,0,1,1,0,1,1,0,0,1,1,1,0,1,1,1,0,0,1,0,0,0,0,0,0,0,0,0,1,0,0,1,0,1,1,1,1,1,1,0,1,1,1,0,1,0,1,0,1,1,0,0,0,1,1,1,1,1,1,0,1,1,0,0,1,1,0,0,0,0,1,1,0,0,0,0,1,0
66,9,1,1,0,0,1,0,0,1,0,1,0,0,0,0,1,1,0,1,1,0,1,1,1,1,0,0,0,0,1,0,1,1,1,0,0,0,1,1,0,1,0,0,0,0,1,1,0,0,0,1,1,1,0,0,1,1,0,1,1,1,1,0,0,1,1,1,0,1,1,0,1,1,0,1,1,1,1,0,1,0,1,0,1,0,0,0,1,0,1,1,1,0,0,0,0,0
67,1,0,1,1,0,0,1,0,1,1,1,1,1,1,0,0,1,1,1,1,1,0,1,0,0,1,1,0,1,1,1,0,0,1,1,1,0,0,0,1,0,0,0,0,1,0,0,1,1,1,0,0,0,0,1,1,1,1,0,1,1,0,1,1,0,0,1,1,0,0,1,0,1,1,0,1,1,1,0,1,0,1,1,0,1,0,0,0,1,1,1,1,1,1,0,0,0
68,3,0,0,0,1,1,1,1,1,0,1,0,0,1,0,1,0,1,0,0,0,1,1,0,1,0,0,1,0,0,1,0,0,0,1,0,1,0,1,1,0,1,1,1,0,1,0,0,0,0,0,0,0,1,0,0,0,0,1,0,0,1,1,0,1,0,0,1,0,0,1,1,0,0,0,0,1,0,0,1,0,1,0,0,1,0,1,0,1,1,1,1,0,1,1,1,1
69,3,1,1,0,0,0,0,0,0,0,0,1,0,1,0,0,0,0,0,1,1,1,1,1,1,0,1,1,1,0,0,1,1,1,0,1,1,1,1,1,0,0,1,1,0,0,0,1,1,1,1,0,0,1,1,0,0,1,1,0,1,0,1,1,0,0,0,0,1,1,0,0,1,1,0,0,1,1,0,0,0,0,1,1,0,1,1,0,1,1,0,1,0,0,0,0,1
70,7,0,0,0,1,0,0,1,1,0,0,1,1,0,1,0,1,1,0,0,0,1,0,1,0,0,1,0,0,1,1,1,1,0,1,1,1,1,1,0,0,1,1,0,0,0,1,1,1,1,1,1,0,0,0,1,1,1,0,0,0,0,1,1,0,1,0,1,0,1,0,0,1,1,1,1,0,1,0,0,1,1,1,0,0,0,1,0,0,1,0,0,0,0,1,1,1
71,8,0,1,1,1,0,0,0,1,1,1,1,1,1,1,1,0,0,1,0,1,1,0,1,0,0,1,1,1,0,0,1,1,0,0,1,1,0,0,1,0,1,0,1,0,0,1,1,1,1,0,0,1,1,0,0,0,0,0,1,0,0,1,0,1,1,1,1,1,0,1,1,0,1,0,0,1,0,0,0,0,0,0,1,0,0,0,1,1,0,1,1,1,1,0,1,0
72,7,1,0,1,0,1,1,0,1,1,0,0,0,0,1,0,0,1,1,1,1,0,1,0,1,1,0,1,0,1,0,0,1,1,0,0,1,0,0,0,1,0,0,0,1,0,0,1,1,0,1,0,0,0,0,0,0,0,0,1,0,0,0,0,1,0,1,0,1,0,1,1,1,0,0,0,0,1,0,1,0,0,0,1,1,1,0,1,0,0,0,0,0,1,1,1,1
73,9,1,1,1,1,1,1,1,1,0,0,1,0,1,0,1,1,0,1,1,0,1,0,1,1,1,1,1,0,0,1,0,1,0,1,1,0,1,1,1,1,0,0,0,1,0,1,1,1,1,1,1,1,0,1,1,1,1,0,1,0,1,1,0,1,0,1,1,0,0,0,1,0,0,0,0,1,0,1,1,0,1,0,0,1,1,0,0,0,0,1,0,0,1,0,1,0
74,3,1,1,0,0,0,1,1,1,0,1,0,0,0,1,0,0,1,1,0,1,0,1,1,1,1,1,1,1,0,1,1,0,0,1,0,0,1,0,0,0,0,1,0,1,1,1,0,1,1,1,1,1,0,1,1,1,1,1,0,1,0,1,0,0,1,1,1,1,0,0,1,0,0,0,0,0,1,1,1,0,1,1,1,1,0,0,1,1,1,0,0,0,0,0,0,0
75,2,0,1,1,0,0,0,0,0,0,1,0,1,0,1,0,0,1,0,0,1,0,1,0,0,0,1,1,0,1,0,1,0,1,1,0,1,1,1,1,1,0,0,0,1,0,0,1,0,1,1,1,0,0,0,0,1,1,1,0,0,0,1,1,1,0,1,1,1,1,1,0,1,0,1,0,0,1,1,1,0,0,1,1,1,0,1,0,0,1,1,0,0,0,0,1,0
76,8,0,1,0,1,1,1,0,1,0,0,0,1,1,0,0,1,0,0,1,1,1,1,1,0,0,1,0,1,1,1,1,1,0,1,1,1,1,1,0,0,1,1,0,1,1,1,0,0,0,1,1,0,0,0,0,0,1,1,1,0,0,1,1,1,0,1,1,1,0,1,1,0,1,0,1,1,0,1,0,1,1,0,0,1,1,1,0,0,1,0,1,1,1,0,0,1
77,4,1,1,0,0,1,0,0,1,1,1,0,0,0,0,1,0,0,1,0,1,1,1,1,1,1,1,0,1,0,0,1,0,0,0,0,1,0,1,1,0,1,0,0,0,1,0,1,1,0,1,0,0,0,1,1,1,0,0,1,0,0,1,1,1,1,0,0,0,0,0,0,0,0,1,1,1,1,0,0,0,1,1,0,0,0,1,0,1,1,0,1,1,0,1,1,0
78,3,1,1,0,0,1,0,1,1,1,0,1,0,0,1,0,0,1,1,1,0,0,1,1,0,1,0,0,1,1,0,1,0,1,1,1,1,1,1,0,0,0,1,1,1,0,1,0,0,0,0,1,0,0,0,0,1,0,0,1,0,0,1,1,0,1,1,1,1,1,0,0,0,1,1,1,1,0,0,0,0,1,1,0,0,1,1,1,1,1,0,0,0,1,1,1,0
79,5,0,0,0,1,0,0,0,1,1,1,1,0,0,0,0,0,0,1,1,0,1,0,0,0,1,1,1,1,1,1,1,0,1,0,1,1,0,1,1,0,1,0,0,0,0,1,1,0,1,0,1,0,1,1,0,0,1,1,0,1,1,1,1,1,0,1,0,0,0,0,1,0,0,0,0,0,1,0,0,0,0,1,0,1,1,1,1,0,0,1,0,1,1,1,0,1
80,2,0,0,0,0,0,1,0,0,0,1,0,1,1,1,1,0,0,1,1,1,0,1,1,1,1,0,1,0,1,1,0,1,1,0,0,0,1,0,1,0,0,1,0,0,0,1,1,0,0,1,0,0,0,1,1,0,0,1,1,1,1,0,1,0,0,0,1,1,1,0,1,0,0,1,1,0,1,1,1,0,0,1,0,0,1,1,0,0,0,0,1,0,1,1,0,0
81,8,1,0,0,0,1,0,1,1,1,1,0,0,0,1,0,0,0,1,1,0,1,1,0,0,1,1,1,1,0,0,0,0,0,0,1,1,1,0,0,0,0,0,0,1,1,0,0,1,0,1,0,0,1,0,0,1,1,1,1,1,1,1,1,1,0,0,0,1,0,1,1,0,0,0,1,1,0,1,1,1,1,0,0,0,1,0,1,1,0,1,0,1,0,1,1,0
82,2,1,1,0,0,1,0,1,0,0,1,0,1,0,1,0,1,1,0,0,1,0,0,0,1,1,0,0,1,0,0,1,0,0,1,1,1,0,1,1,1,1,1,0,0,1,1,1,0,0,0,1,1,1,0,1,1,1,0,0,0,0,1,0,1,1,1,1,0,0,1,0,1,1,0,1,1,0,0,0,0,0,0,0,0,0,0,0,1,1,1,1,0,0,1,0,0
83,8,0,0,1,1,1,0,0,1,1,1,1,0,1,1,1,1,1,1,0,0,0,0,0,0,0,0,1,1,1,1,1,1,0,1,0,0,1,1,1,0,1,1,0,1,1,1,0,1,0,0,1,1,0,1,0,0,0,1,0,0,1,1,0,0,0,1,0,1,1,0,0,0,1,1,1,1,1,0,0,1,0,0,0,0,1,1,0,1,1,1,0,1,0,1,1,0
84,8,0,0,0,0,1,0,0,1,1,1,0,0,1,0,0,0,1,0,0,0,1,0,0,1,1,0,1,1,0,0,1,1,0,0,0,1,0,1,0,0,0,1,1,1,1,1,0,0,0,0,1,0,0,1,1,1,1,0,0,1,1,1,1,1,1,0,0,0,0,1,0,0,1,1,0,0,1,0,1,1,1,1,0,1,0,1,0,0,1,1,0,0,0,1,0,1
85,2,0,1,1,1,1,1,0,1,0,1,1,1,0,1,1,0,1,1,0,0,0,0,1,1,0,0,1,0,1,0,0,1,0,1,0,1,0,0,1,0,0,0,1,0,0,1,0,0,0,1,0,1,0,1,0,1,1,0,1,0,0,1,0,0,0,0,0,0,1,1,1,0,0,0,0,1,1,1,1,1,1,0,0,1,1,0,0,1,0,0,1,1,1,1,1,1
86,2,1,0,1,1,1,0,0,0,1,1,0,0,0,0,1,1,1,0,1,0,1,0,1,1,1,0,0,0,0,1,1,0,0,0,1,0,1,1,1,1,0,1,0,1,1,1,1,1,0,0,1,0,1,1,1,1,1,0,1,0,0,0,1,0,1,0,1,0,0,0,0,1,1,0,1,0,0,0,1,1,0,1,0,0,0,0,0,1,1,1,1,1,1,0,0,1
87,4,0,1,1,1,1,0,1,1,0,0,1,0,1,0,1,0,1,1,0,0,0,1,1,0,1,0,0,0,1,1,1,0,1,0,1,1,0,0,1,0,0,1,1,0,0,0,0,0,0,1,0,0,0,0,0,1,0,0,1,0,1,0,1,0,1,0,0,1,1,1,0,1,0,0,1,0,0,1,1,0,0,1,1,1,0,1,1,0,1,1,0,0,0,1,1,1
88,2,1,0,0,1,0,0,0,1,1,1,1,0,0,1,0,1,0,0,1,1,0,0,0,0,1,1,1,1,1,1,1,1,0,0,0,1,1,1,0,1,0,1,1,0,1,0,1,1,1,0,0,1,0,1,0,0,0,1,0,0,0,1,0,0,0,1,1,1,1,1,1,0,0,0,1,1,1,1,1,0,0,0,1,1,1,0,1,1,0,1,0,1,1,1,1,0
89,7,1,0,0,1,0,0,1,0,1,0,0,0,1,0,0,1,0,0,0,0,1,0,0,0,0,1,0,1,0,1,0,1,1,1,1,1,1,1,0,0,0,1,0,1,0,0,0,1,1,1,1,1,0,1,1,0,1,0,1,0,1,0,1,0,0,1,1,1,1,0,0,1,0,1,0,1,0,0,0,1,0,1,1,1,1,0,1,1,1,0,1,1,0,0,1,1
90,6,1,0,1,0,0,0,0,1,1,1,0,0,1,0,0,0,0,0,0,0,0,1,0,1,0,1,1,0,0,0,1,0,1,0,0,0,0,1,1,1,0,0,1,0,0,0,0,1,0,0,0,0,0,1,1,0,0,1,0,0,1,0,1,0,1,0,1,1,1,1,0,1,0,0,0,0,1,1,0,0,1,0,1,0,0,1,1,0,0,1,0,0,0,0,1,1
91,8,0,0,1,0,0,1,0,0,1,0,1,1,0,0,0,0,0,0,1,0,0,1,0,1,0,1,0,0,0,1,1,0,0,1,0,1,1,1,1,0,1,0,0,1,0,0,0,1,1,1,1,0,1,0,0,0,0,0,1,1,1,0,0,0,0,0,0,1,0,0,0,1,0,0,0,0,1,1,0,1,0,1,0,1,0,1,1,0,1,1,0,0,0,1,0,1
92,9,0,1,0,0,0,1,1,0,1,1,1,1,0,0,1,1,1,0,1,1,0,1,0,0,1,1,1,1,1,1,1,0,0,1,0,1,1,1,1,0,0,0,1,0,1,0,0,1,1,1,1,0,1,1,1,0,1,1,1,1,1,0,0,1,1,0,0,1,1,0,0,1,1,1,0,0,1,0,1,1,1,0,0,0,0,1,1,0,1,0,0,0,0,0,0,1
93,7,1,0,0,0,1,0,0,0,1,1,1,1,0,0,1,1,0,0,0,1,1,0,0,1,0,1,0,0,1,1,1,0,1,0,0,1,0,1,1,1,0,0,0,0,1,1,1,0,0,1,1,0,1,1,0,0,1,0,1,1,0,0,1,0,0,0,0,0,1,0,1,0,1,0,0,0,0,1,1,1,1,1,1,1,1,1,0,1,1,0,0,1,0,0,0,0
94,7,1,0,1,0,1,1,1,1,0,0,1,1,0,0,0,0,0,1,1,1,1,1,1,0,1,0,0,1,1,0,1,1,1,0,1,1,0,1,0,0,1,0,0,1,0,1,0,0,1,0,0,0,0,0,1,0,0,1,0,1,1,1,1,1,1,1,0,0,1,0,1,1,1,1,0,1,0,1,1,0,0,1,0,1,0,1,0,1,1,1,1,0,0,0,0,1
95,3,0,1,1,1,0,1,1,1,1,0,0,0,1,1,0,1,1,0,1,0,1,1,0,0,1,0,0,0,1,1,0,1,1,1,1,1,1,1,0,1,0,1,0,0,0,0,1,1,0,0,0,1,0,1,1,0,0,0,1,0,1,0,0,1,0,0,0,0,1,1,1,0,1,0,0,0,1,0,0,1,0,0,0,0,1,1,1,1,0,1,1,1,1,0,1,0
